bin,mean_sel
2.5,0.003766999
7.5,0.005208549
12.5,0.007222745
17.5,0.010050153
22.5,0.014040905
27.5,0.019710662
32.5,0.027829168
37.5,0.039564637
42.5,0.056724408
47.5,0.082160853
52.5,0.120448925
57.5,0.1789053
62.5,0.26852655
67.5,0.40214125
72.5,0.58189525
77.5,0.77295575
82.5,0.90281975
87.5,0.92215525
92.5,0.848358
97.5,0.729833
102.5,0.6010525
107.5,0.48311525
112.5,0.386434
117.5,0.300455325
122.5,0.1971346
127.5,0.0911808
132.5,0.032836725
137.5,0.011794645
